config,error
[1/240] o_shank | id | riemann_data_map | Z+ZZ | linear | r=1,[Errno 2] No such file or directory: '../dataset/o_shank.csv'
[2/240] o_shank | id | riemann_data_map | Z+ZZ | linear | r=2,[Errno 2] No such file or directory: '../dataset/o_shank.csv'
[3/240] o_shank | id | riemann_data_map | Z+ZZ | full | r=1,[Errno 2] No such file or directory: '../dataset/o_shank.csv'
[4/240] o_shank | id | riemann_data_map | Z+ZZ | full | r=2,[Errno 2] No such file or directory: '../dataset/o_shank.csv'
[5/240] o_shank | id | riemann_spectral_data_map | Z+ZZ | linear | r=1,[Errno 2] No such file or directory: '../dataset/o_shank.csv'
[6/240] o_shank | id | riemann_spectral_data_map | Z+ZZ | linear | r=2,[Errno 2] No such file or directory: '../dataset/o_shank.csv'
[7/240] o_shank | id | riemann_spectral_data_map | Z+ZZ | full | r=1,[Errno 2] No such file or directory: '../dataset/o_shank.csv'
[8/240] o_shank | id | riemann_spectral_data_map | Z+ZZ | full | r=2,[Errno 2] No such file or directory: '../dataset/o_shank.csv'
[9/240] o_shank | id | riemann_quantum_interference_map | Z+ZZ | linear | r=1,[Errno 2] No such file or directory: '../dataset/o_shank.csv'
[10/240] o_shank | id | riemann_quantum_interference_map | Z+ZZ | linear | r=2,[Errno 2] No such file or directory: '../dataset/o_shank.csv'
[11/240] o_shank | id | riemann_quantum_interference_map | Z+ZZ | full | r=1,[Errno 2] No such file or directory: '../dataset/o_shank.csv'
[12/240] o_shank | id | riemann_quantum_interference_map | Z+ZZ | full | r=2,[Errno 2] No such file or directory: '../dataset/o_shank.csv'
[13/240] o_shank | id | riemann_advanced_data_map | Z+ZZ | linear | r=1,[Errno 2] No such file or directory: '../dataset/o_shank.csv'
[14/240] o_shank | id | riemann_advanced_data_map | Z+ZZ | linear | r=2,[Errno 2] No such file or directory: '../dataset/o_shank.csv'
[15/240] o_shank | id | riemann_advanced_data_map | Z+ZZ | full | r=1,[Errno 2] No such file or directory: '../dataset/o_shank.csv'
[16/240] o_shank | id | riemann_advanced_data_map | Z+ZZ | full | r=2,[Errno 2] No such file or directory: '../dataset/o_shank.csv'
[17/240] o_shank | id | zeta_data_map | Z+ZZ | linear | r=1,[Errno 2] No such file or directory: '../dataset/o_shank.csv'
[18/240] o_shank | id | zeta_data_map | Z+ZZ | linear | r=2,[Errno 2] No such file or directory: '../dataset/o_shank.csv'
[19/240] o_shank | id | zeta_data_map | Z+ZZ | full | r=1,[Errno 2] No such file or directory: '../dataset/o_shank.csv'
[20/240] o_shank | id | zeta_data_map | Z+ZZ | full | r=2,[Errno 2] No such file or directory: '../dataset/o_shank.csv'
[21/240] o_shank | id | riemann_data_map | Y+YY | linear | r=1,[Errno 2] No such file or directory: '../dataset/o_shank.csv'
[22/240] o_shank | id | riemann_data_map | Y+YY | linear | r=2,[Errno 2] No such file or directory: '../dataset/o_shank.csv'
[23/240] o_shank | id | riemann_data_map | Y+YY | full | r=1,[Errno 2] No such file or directory: '../dataset/o_shank.csv'
[24/240] o_shank | id | riemann_data_map | Y+YY | full | r=2,[Errno 2] No such file or directory: '../dataset/o_shank.csv'
[25/240] o_shank | id | riemann_spectral_data_map | Y+YY | linear | r=1,[Errno 2] No such file or directory: '../dataset/o_shank.csv'
[26/240] o_shank | id | riemann_spectral_data_map | Y+YY | linear | r=2,[Errno 2] No such file or directory: '../dataset/o_shank.csv'
[27/240] o_shank | id | riemann_spectral_data_map | Y+YY | full | r=1,[Errno 2] No such file or directory: '../dataset/o_shank.csv'
[28/240] o_shank | id | riemann_spectral_data_map | Y+YY | full | r=2,[Errno 2] No such file or directory: '../dataset/o_shank.csv'
[29/240] o_shank | id | riemann_quantum_interference_map | Y+YY | linear | r=1,[Errno 2] No such file or directory: '../dataset/o_shank.csv'
[30/240] o_shank | id | riemann_quantum_interference_map | Y+YY | linear | r=2,[Errno 2] No such file or directory: '../dataset/o_shank.csv'
[31/240] o_shank | id | riemann_quantum_interference_map | Y+YY | full | r=1,[Errno 2] No such file or directory: '../dataset/o_shank.csv'
[32/240] o_shank | id | riemann_quantum_interference_map | Y+YY | full | r=2,[Errno 2] No such file or directory: '../dataset/o_shank.csv'
[33/240] o_shank | id | riemann_advanced_data_map | Y+YY | linear | r=1,[Errno 2] No such file or directory: '../dataset/o_shank.csv'
[34/240] o_shank | id | riemann_advanced_data_map | Y+YY | linear | r=2,[Errno 2] No such file or directory: '../dataset/o_shank.csv'
[35/240] o_shank | id | riemann_advanced_data_map | Y+YY | full | r=1,[Errno 2] No such file or directory: '../dataset/o_shank.csv'
[36/240] o_shank | id | riemann_advanced_data_map | Y+YY | full | r=2,[Errno 2] No such file or directory: '../dataset/o_shank.csv'
[37/240] o_shank | id | zeta_data_map | Y+YY | linear | r=1,[Errno 2] No such file or directory: '../dataset/o_shank.csv'
[38/240] o_shank | id | zeta_data_map | Y+YY | linear | r=2,[Errno 2] No such file or directory: '../dataset/o_shank.csv'
[39/240] o_shank | id | zeta_data_map | Y+YY | full | r=1,[Errno 2] No such file or directory: '../dataset/o_shank.csv'
[40/240] o_shank | id | zeta_data_map | Y+YY | full | r=2,[Errno 2] No such file or directory: '../dataset/o_shank.csv'
[41/240] o_shank | id | riemann_data_map | X+XX | linear | r=1,[Errno 2] No such file or directory: '../dataset/o_shank.csv'
[42/240] o_shank | id | riemann_data_map | X+XX | linear | r=2,[Errno 2] No such file or directory: '../dataset/o_shank.csv'
[43/240] o_shank | id | riemann_data_map | X+XX | full | r=1,[Errno 2] No such file or directory: '../dataset/o_shank.csv'
[44/240] o_shank | id | riemann_data_map | X+XX | full | r=2,[Errno 2] No such file or directory: '../dataset/o_shank.csv'
[45/240] o_shank | id | riemann_spectral_data_map | X+XX | linear | r=1,[Errno 2] No such file or directory: '../dataset/o_shank.csv'
[46/240] o_shank | id | riemann_spectral_data_map | X+XX | linear | r=2,[Errno 2] No such file or directory: '../dataset/o_shank.csv'
[47/240] o_shank | id | riemann_spectral_data_map | X+XX | full | r=1,[Errno 2] No such file or directory: '../dataset/o_shank.csv'
[48/240] o_shank | id | riemann_spectral_data_map | X+XX | full | r=2,[Errno 2] No such file or directory: '../dataset/o_shank.csv'
[49/240] o_shank | id | riemann_quantum_interference_map | X+XX | linear | r=1,[Errno 2] No such file or directory: '../dataset/o_shank.csv'
[50/240] o_shank | id | riemann_quantum_interference_map | X+XX | linear | r=2,[Errno 2] No such file or directory: '../dataset/o_shank.csv'
[51/240] o_shank | id | riemann_quantum_interference_map | X+XX | full | r=1,[Errno 2] No such file or directory: '../dataset/o_shank.csv'
[52/240] o_shank | id | riemann_quantum_interference_map | X+XX | full | r=2,[Errno 2] No such file or directory: '../dataset/o_shank.csv'
[53/240] o_shank | id | riemann_advanced_data_map | X+XX | linear | r=1,[Errno 2] No such file or directory: '../dataset/o_shank.csv'
[54/240] o_shank | id | riemann_advanced_data_map | X+XX | linear | r=2,[Errno 2] No such file or directory: '../dataset/o_shank.csv'
[55/240] o_shank | id | riemann_advanced_data_map | X+XX | full | r=1,[Errno 2] No such file or directory: '../dataset/o_shank.csv'
[56/240] o_shank | id | riemann_advanced_data_map | X+XX | full | r=2,[Errno 2] No such file or directory: '../dataset/o_shank.csv'
[57/240] o_shank | id | zeta_data_map | X+XX | linear | r=1,[Errno 2] No such file or directory: '../dataset/o_shank.csv'
[58/240] o_shank | id | zeta_data_map | X+XX | linear | r=2,[Errno 2] No such file or directory: '../dataset/o_shank.csv'
[59/240] o_shank | id | zeta_data_map | X+XX | full | r=1,[Errno 2] No such file or directory: '../dataset/o_shank.csv'
[60/240] o_shank | id | zeta_data_map | X+XX | full | r=2,[Errno 2] No such file or directory: '../dataset/o_shank.csv'
[61/240] o_shank | id | riemann_data_map | all_pairs | linear | r=1,[Errno 2] No such file or directory: '../dataset/o_shank.csv'
[62/240] o_shank | id | riemann_data_map | all_pairs | linear | r=2,[Errno 2] No such file or directory: '../dataset/o_shank.csv'
[63/240] o_shank | id | riemann_data_map | all_pairs | full | r=1,[Errno 2] No such file or directory: '../dataset/o_shank.csv'
[64/240] o_shank | id | riemann_data_map | all_pairs | full | r=2,[Errno 2] No such file or directory: '../dataset/o_shank.csv'
[65/240] o_shank | id | riemann_spectral_data_map | all_pairs | linear | r=1,[Errno 2] No such file or directory: '../dataset/o_shank.csv'
[66/240] o_shank | id | riemann_spectral_data_map | all_pairs | linear | r=2,[Errno 2] No such file or directory: '../dataset/o_shank.csv'
[67/240] o_shank | id | riemann_spectral_data_map | all_pairs | full | r=1,[Errno 2] No such file or directory: '../dataset/o_shank.csv'
[68/240] o_shank | id | riemann_spectral_data_map | all_pairs | full | r=2,[Errno 2] No such file or directory: '../dataset/o_shank.csv'
[69/240] o_shank | id | riemann_quantum_interference_map | all_pairs | linear | r=1,[Errno 2] No such file or directory: '../dataset/o_shank.csv'
[70/240] o_shank | id | riemann_quantum_interference_map | all_pairs | linear | r=2,[Errno 2] No such file or directory: '../dataset/o_shank.csv'
[71/240] o_shank | id | riemann_quantum_interference_map | all_pairs | full | r=1,[Errno 2] No such file or directory: '../dataset/o_shank.csv'
[72/240] o_shank | id | riemann_quantum_interference_map | all_pairs | full | r=2,[Errno 2] No such file or directory: '../dataset/o_shank.csv'
[73/240] o_shank | id | riemann_advanced_data_map | all_pairs | linear | r=1,[Errno 2] No such file or directory: '../dataset/o_shank.csv'
[74/240] o_shank | id | riemann_advanced_data_map | all_pairs | linear | r=2,[Errno 2] No such file or directory: '../dataset/o_shank.csv'
[75/240] o_shank | id | riemann_advanced_data_map | all_pairs | full | r=1,[Errno 2] No such file or directory: '../dataset/o_shank.csv'
[76/240] o_shank | id | riemann_advanced_data_map | all_pairs | full | r=2,[Errno 2] No such file or directory: '../dataset/o_shank.csv'
[77/240] o_shank | id | zeta_data_map | all_pairs | linear | r=1,[Errno 2] No such file or directory: '../dataset/o_shank.csv'
[78/240] o_shank | id | zeta_data_map | all_pairs | linear | r=2,[Errno 2] No such file or directory: '../dataset/o_shank.csv'
[79/240] o_shank | id | zeta_data_map | all_pairs | full | r=1,[Errno 2] No such file or directory: '../dataset/o_shank.csv'
[80/240] o_shank | id | zeta_data_map | all_pairs | full | r=2,[Errno 2] No such file or directory: '../dataset/o_shank.csv'
[81/240] o_shank | tanh | riemann_data_map | Z+ZZ | linear | r=1,[Errno 2] No such file or directory: '../dataset/o_shank.csv'
[82/240] o_shank | tanh | riemann_data_map | Z+ZZ | linear | r=2,[Errno 2] No such file or directory: '../dataset/o_shank.csv'
[83/240] o_shank | tanh | riemann_data_map | Z+ZZ | full | r=1,[Errno 2] No such file or directory: '../dataset/o_shank.csv'
[84/240] o_shank | tanh | riemann_data_map | Z+ZZ | full | r=2,[Errno 2] No such file or directory: '../dataset/o_shank.csv'
[85/240] o_shank | tanh | riemann_spectral_data_map | Z+ZZ | linear | r=1,[Errno 2] No such file or directory: '../dataset/o_shank.csv'
[86/240] o_shank | tanh | riemann_spectral_data_map | Z+ZZ | linear | r=2,[Errno 2] No such file or directory: '../dataset/o_shank.csv'
[87/240] o_shank | tanh | riemann_spectral_data_map | Z+ZZ | full | r=1,[Errno 2] No such file or directory: '../dataset/o_shank.csv'
[88/240] o_shank | tanh | riemann_spectral_data_map | Z+ZZ | full | r=2,[Errno 2] No such file or directory: '../dataset/o_shank.csv'
[89/240] o_shank | tanh | riemann_quantum_interference_map | Z+ZZ | linear | r=1,[Errno 2] No such file or directory: '../dataset/o_shank.csv'
[90/240] o_shank | tanh | riemann_quantum_interference_map | Z+ZZ | linear | r=2,[Errno 2] No such file or directory: '../dataset/o_shank.csv'
[91/240] o_shank | tanh | riemann_quantum_interference_map | Z+ZZ | full | r=1,[Errno 2] No such file or directory: '../dataset/o_shank.csv'
[92/240] o_shank | tanh | riemann_quantum_interference_map | Z+ZZ | full | r=2,[Errno 2] No such file or directory: '../dataset/o_shank.csv'
[93/240] o_shank | tanh | riemann_advanced_data_map | Z+ZZ | linear | r=1,[Errno 2] No such file or directory: '../dataset/o_shank.csv'
[94/240] o_shank | tanh | riemann_advanced_data_map | Z+ZZ | linear | r=2,[Errno 2] No such file or directory: '../dataset/o_shank.csv'
[95/240] o_shank | tanh | riemann_advanced_data_map | Z+ZZ | full | r=1,[Errno 2] No such file or directory: '../dataset/o_shank.csv'
[96/240] o_shank | tanh | riemann_advanced_data_map | Z+ZZ | full | r=2,[Errno 2] No such file or directory: '../dataset/o_shank.csv'
[97/240] o_shank | tanh | zeta_data_map | Z+ZZ | linear | r=1,[Errno 2] No such file or directory: '../dataset/o_shank.csv'
[98/240] o_shank | tanh | zeta_data_map | Z+ZZ | linear | r=2,[Errno 2] No such file or directory: '../dataset/o_shank.csv'
[99/240] o_shank | tanh | zeta_data_map | Z+ZZ | full | r=1,[Errno 2] No such file or directory: '../dataset/o_shank.csv'
[100/240] o_shank | tanh | zeta_data_map | Z+ZZ | full | r=2,[Errno 2] No such file or directory: '../dataset/o_shank.csv'
[101/240] o_shank | tanh | riemann_data_map | Y+YY | linear | r=1,[Errno 2] No such file or directory: '../dataset/o_shank.csv'
[102/240] o_shank | tanh | riemann_data_map | Y+YY | linear | r=2,[Errno 2] No such file or directory: '../dataset/o_shank.csv'
[103/240] o_shank | tanh | riemann_data_map | Y+YY | full | r=1,[Errno 2] No such file or directory: '../dataset/o_shank.csv'
[104/240] o_shank | tanh | riemann_data_map | Y+YY | full | r=2,[Errno 2] No such file or directory: '../dataset/o_shank.csv'
[105/240] o_shank | tanh | riemann_spectral_data_map | Y+YY | linear | r=1,[Errno 2] No such file or directory: '../dataset/o_shank.csv'
[106/240] o_shank | tanh | riemann_spectral_data_map | Y+YY | linear | r=2,[Errno 2] No such file or directory: '../dataset/o_shank.csv'
[107/240] o_shank | tanh | riemann_spectral_data_map | Y+YY | full | r=1,[Errno 2] No such file or directory: '../dataset/o_shank.csv'
[108/240] o_shank | tanh | riemann_spectral_data_map | Y+YY | full | r=2,[Errno 2] No such file or directory: '../dataset/o_shank.csv'
[109/240] o_shank | tanh | riemann_quantum_interference_map | Y+YY | linear | r=1,[Errno 2] No such file or directory: '../dataset/o_shank.csv'
[110/240] o_shank | tanh | riemann_quantum_interference_map | Y+YY | linear | r=2,[Errno 2] No such file or directory: '../dataset/o_shank.csv'
[111/240] o_shank | tanh | riemann_quantum_interference_map | Y+YY | full | r=1,[Errno 2] No such file or directory: '../dataset/o_shank.csv'
[112/240] o_shank | tanh | riemann_quantum_interference_map | Y+YY | full | r=2,[Errno 2] No such file or directory: '../dataset/o_shank.csv'
[113/240] o_shank | tanh | riemann_advanced_data_map | Y+YY | linear | r=1,[Errno 2] No such file or directory: '../dataset/o_shank.csv'
[114/240] o_shank | tanh | riemann_advanced_data_map | Y+YY | linear | r=2,[Errno 2] No such file or directory: '../dataset/o_shank.csv'
[115/240] o_shank | tanh | riemann_advanced_data_map | Y+YY | full | r=1,[Errno 2] No such file or directory: '../dataset/o_shank.csv'
[116/240] o_shank | tanh | riemann_advanced_data_map | Y+YY | full | r=2,[Errno 2] No such file or directory: '../dataset/o_shank.csv'
[117/240] o_shank | tanh | zeta_data_map | Y+YY | linear | r=1,[Errno 2] No such file or directory: '../dataset/o_shank.csv'
[118/240] o_shank | tanh | zeta_data_map | Y+YY | linear | r=2,[Errno 2] No such file or directory: '../dataset/o_shank.csv'
[119/240] o_shank | tanh | zeta_data_map | Y+YY | full | r=1,[Errno 2] No such file or directory: '../dataset/o_shank.csv'
[120/240] o_shank | tanh | zeta_data_map | Y+YY | full | r=2,[Errno 2] No such file or directory: '../dataset/o_shank.csv'
[121/240] o_shank | tanh | riemann_data_map | X+XX | linear | r=1,[Errno 2] No such file or directory: '../dataset/o_shank.csv'
[122/240] o_shank | tanh | riemann_data_map | X+XX | linear | r=2,[Errno 2] No such file or directory: '../dataset/o_shank.csv'
[123/240] o_shank | tanh | riemann_data_map | X+XX | full | r=1,[Errno 2] No such file or directory: '../dataset/o_shank.csv'
[124/240] o_shank | tanh | riemann_data_map | X+XX | full | r=2,[Errno 2] No such file or directory: '../dataset/o_shank.csv'
[125/240] o_shank | tanh | riemann_spectral_data_map | X+XX | linear | r=1,[Errno 2] No such file or directory: '../dataset/o_shank.csv'
[126/240] o_shank | tanh | riemann_spectral_data_map | X+XX | linear | r=2,[Errno 2] No such file or directory: '../dataset/o_shank.csv'
[127/240] o_shank | tanh | riemann_spectral_data_map | X+XX | full | r=1,[Errno 2] No such file or directory: '../dataset/o_shank.csv'
[128/240] o_shank | tanh | riemann_spectral_data_map | X+XX | full | r=2,[Errno 2] No such file or directory: '../dataset/o_shank.csv'
[129/240] o_shank | tanh | riemann_quantum_interference_map | X+XX | linear | r=1,[Errno 2] No such file or directory: '../dataset/o_shank.csv'
[130/240] o_shank | tanh | riemann_quantum_interference_map | X+XX | linear | r=2,[Errno 2] No such file or directory: '../dataset/o_shank.csv'
[131/240] o_shank | tanh | riemann_quantum_interference_map | X+XX | full | r=1,[Errno 2] No such file or directory: '../dataset/o_shank.csv'
[132/240] o_shank | tanh | riemann_quantum_interference_map | X+XX | full | r=2,[Errno 2] No such file or directory: '../dataset/o_shank.csv'
[133/240] o_shank | tanh | riemann_advanced_data_map | X+XX | linear | r=1,[Errno 2] No such file or directory: '../dataset/o_shank.csv'
[134/240] o_shank | tanh | riemann_advanced_data_map | X+XX | linear | r=2,[Errno 2] No such file or directory: '../dataset/o_shank.csv'
[135/240] o_shank | tanh | riemann_advanced_data_map | X+XX | full | r=1,[Errno 2] No such file or directory: '../dataset/o_shank.csv'
[136/240] o_shank | tanh | riemann_advanced_data_map | X+XX | full | r=2,[Errno 2] No such file or directory: '../dataset/o_shank.csv'
[137/240] o_shank | tanh | zeta_data_map | X+XX | linear | r=1,[Errno 2] No such file or directory: '../dataset/o_shank.csv'
[138/240] o_shank | tanh | zeta_data_map | X+XX | linear | r=2,[Errno 2] No such file or directory: '../dataset/o_shank.csv'
[139/240] o_shank | tanh | zeta_data_map | X+XX | full | r=1,[Errno 2] No such file or directory: '../dataset/o_shank.csv'
[140/240] o_shank | tanh | zeta_data_map | X+XX | full | r=2,[Errno 2] No such file or directory: '../dataset/o_shank.csv'
[141/240] o_shank | tanh | riemann_data_map | all_pairs | linear | r=1,[Errno 2] No such file or directory: '../dataset/o_shank.csv'
[142/240] o_shank | tanh | riemann_data_map | all_pairs | linear | r=2,[Errno 2] No such file or directory: '../dataset/o_shank.csv'
[143/240] o_shank | tanh | riemann_data_map | all_pairs | full | r=1,[Errno 2] No such file or directory: '../dataset/o_shank.csv'
[144/240] o_shank | tanh | riemann_data_map | all_pairs | full | r=2,[Errno 2] No such file or directory: '../dataset/o_shank.csv'
[145/240] o_shank | tanh | riemann_spectral_data_map | all_pairs | linear | r=1,[Errno 2] No such file or directory: '../dataset/o_shank.csv'
[146/240] o_shank | tanh | riemann_spectral_data_map | all_pairs | linear | r=2,[Errno 2] No such file or directory: '../dataset/o_shank.csv'
[147/240] o_shank | tanh | riemann_spectral_data_map | all_pairs | full | r=1,[Errno 2] No such file or directory: '../dataset/o_shank.csv'
[148/240] o_shank | tanh | riemann_spectral_data_map | all_pairs | full | r=2,[Errno 2] No such file or directory: '../dataset/o_shank.csv'
[149/240] o_shank | tanh | riemann_quantum_interference_map | all_pairs | linear | r=1,[Errno 2] No such file or directory: '../dataset/o_shank.csv'
[150/240] o_shank | tanh | riemann_quantum_interference_map | all_pairs | linear | r=2,[Errno 2] No such file or directory: '../dataset/o_shank.csv'
[151/240] o_shank | tanh | riemann_quantum_interference_map | all_pairs | full | r=1,[Errno 2] No such file or directory: '../dataset/o_shank.csv'
[152/240] o_shank | tanh | riemann_quantum_interference_map | all_pairs | full | r=2,[Errno 2] No such file or directory: '../dataset/o_shank.csv'
[153/240] o_shank | tanh | riemann_advanced_data_map | all_pairs | linear | r=1,[Errno 2] No such file or directory: '../dataset/o_shank.csv'
[154/240] o_shank | tanh | riemann_advanced_data_map | all_pairs | linear | r=2,[Errno 2] No such file or directory: '../dataset/o_shank.csv'
[155/240] o_shank | tanh | riemann_advanced_data_map | all_pairs | full | r=1,[Errno 2] No such file or directory: '../dataset/o_shank.csv'
[156/240] o_shank | tanh | riemann_advanced_data_map | all_pairs | full | r=2,[Errno 2] No such file or directory: '../dataset/o_shank.csv'
[157/240] o_shank | tanh | zeta_data_map | all_pairs | linear | r=1,[Errno 2] No such file or directory: '../dataset/o_shank.csv'
[158/240] o_shank | tanh | zeta_data_map | all_pairs | linear | r=2,[Errno 2] No such file or directory: '../dataset/o_shank.csv'
[159/240] o_shank | tanh | zeta_data_map | all_pairs | full | r=1,[Errno 2] No such file or directory: '../dataset/o_shank.csv'
[160/240] o_shank | tanh | zeta_data_map | all_pairs | full | r=2,[Errno 2] No such file or directory: '../dataset/o_shank.csv'
[161/240] o_shank | rbf-s1 | riemann_data_map | Z+ZZ | linear | r=1,[Errno 2] No such file or directory: '../dataset/o_shank.csv'
[162/240] o_shank | rbf-s1 | riemann_data_map | Z+ZZ | linear | r=2,[Errno 2] No such file or directory: '../dataset/o_shank.csv'
[163/240] o_shank | rbf-s1 | riemann_data_map | Z+ZZ | full | r=1,[Errno 2] No such file or directory: '../dataset/o_shank.csv'
[164/240] o_shank | rbf-s1 | riemann_data_map | Z+ZZ | full | r=2,[Errno 2] No such file or directory: '../dataset/o_shank.csv'
[165/240] o_shank | rbf-s1 | riemann_spectral_data_map | Z+ZZ | linear | r=1,[Errno 2] No such file or directory: '../dataset/o_shank.csv'
[166/240] o_shank | rbf-s1 | riemann_spectral_data_map | Z+ZZ | linear | r=2,[Errno 2] No such file or directory: '../dataset/o_shank.csv'
[167/240] o_shank | rbf-s1 | riemann_spectral_data_map | Z+ZZ | full | r=1,[Errno 2] No such file or directory: '../dataset/o_shank.csv'
[168/240] o_shank | rbf-s1 | riemann_spectral_data_map | Z+ZZ | full | r=2,[Errno 2] No such file or directory: '../dataset/o_shank.csv'
[169/240] o_shank | rbf-s1 | riemann_quantum_interference_map | Z+ZZ | linear | r=1,[Errno 2] No such file or directory: '../dataset/o_shank.csv'
[170/240] o_shank | rbf-s1 | riemann_quantum_interference_map | Z+ZZ | linear | r=2,[Errno 2] No such file or directory: '../dataset/o_shank.csv'
[171/240] o_shank | rbf-s1 | riemann_quantum_interference_map | Z+ZZ | full | r=1,[Errno 2] No such file or directory: '../dataset/o_shank.csv'
[172/240] o_shank | rbf-s1 | riemann_quantum_interference_map | Z+ZZ | full | r=2,[Errno 2] No such file or directory: '../dataset/o_shank.csv'
[173/240] o_shank | rbf-s1 | riemann_advanced_data_map | Z+ZZ | linear | r=1,[Errno 2] No such file or directory: '../dataset/o_shank.csv'
[174/240] o_shank | rbf-s1 | riemann_advanced_data_map | Z+ZZ | linear | r=2,[Errno 2] No such file or directory: '../dataset/o_shank.csv'
[175/240] o_shank | rbf-s1 | riemann_advanced_data_map | Z+ZZ | full | r=1,[Errno 2] No such file or directory: '../dataset/o_shank.csv'
[176/240] o_shank | rbf-s1 | riemann_advanced_data_map | Z+ZZ | full | r=2,[Errno 2] No such file or directory: '../dataset/o_shank.csv'
[177/240] o_shank | rbf-s1 | zeta_data_map | Z+ZZ | linear | r=1,[Errno 2] No such file or directory: '../dataset/o_shank.csv'
[178/240] o_shank | rbf-s1 | zeta_data_map | Z+ZZ | linear | r=2,[Errno 2] No such file or directory: '../dataset/o_shank.csv'
[179/240] o_shank | rbf-s1 | zeta_data_map | Z+ZZ | full | r=1,[Errno 2] No such file or directory: '../dataset/o_shank.csv'
[180/240] o_shank | rbf-s1 | zeta_data_map | Z+ZZ | full | r=2,[Errno 2] No such file or directory: '../dataset/o_shank.csv'
[181/240] o_shank | rbf-s1 | riemann_data_map | Y+YY | linear | r=1,[Errno 2] No such file or directory: '../dataset/o_shank.csv'
[182/240] o_shank | rbf-s1 | riemann_data_map | Y+YY | linear | r=2,[Errno 2] No such file or directory: '../dataset/o_shank.csv'
[183/240] o_shank | rbf-s1 | riemann_data_map | Y+YY | full | r=1,[Errno 2] No such file or directory: '../dataset/o_shank.csv'
[184/240] o_shank | rbf-s1 | riemann_data_map | Y+YY | full | r=2,[Errno 2] No such file or directory: '../dataset/o_shank.csv'
[185/240] o_shank | rbf-s1 | riemann_spectral_data_map | Y+YY | linear | r=1,[Errno 2] No such file or directory: '../dataset/o_shank.csv'
[186/240] o_shank | rbf-s1 | riemann_spectral_data_map | Y+YY | linear | r=2,[Errno 2] No such file or directory: '../dataset/o_shank.csv'
[187/240] o_shank | rbf-s1 | riemann_spectral_data_map | Y+YY | full | r=1,[Errno 2] No such file or directory: '../dataset/o_shank.csv'
[188/240] o_shank | rbf-s1 | riemann_spectral_data_map | Y+YY | full | r=2,[Errno 2] No such file or directory: '../dataset/o_shank.csv'
[189/240] o_shank | rbf-s1 | riemann_quantum_interference_map | Y+YY | linear | r=1,[Errno 2] No such file or directory: '../dataset/o_shank.csv'
[190/240] o_shank | rbf-s1 | riemann_quantum_interference_map | Y+YY | linear | r=2,[Errno 2] No such file or directory: '../dataset/o_shank.csv'
[191/240] o_shank | rbf-s1 | riemann_quantum_interference_map | Y+YY | full | r=1,[Errno 2] No such file or directory: '../dataset/o_shank.csv'
[192/240] o_shank | rbf-s1 | riemann_quantum_interference_map | Y+YY | full | r=2,[Errno 2] No such file or directory: '../dataset/o_shank.csv'
[193/240] o_shank | rbf-s1 | riemann_advanced_data_map | Y+YY | linear | r=1,[Errno 2] No such file or directory: '../dataset/o_shank.csv'
[194/240] o_shank | rbf-s1 | riemann_advanced_data_map | Y+YY | linear | r=2,[Errno 2] No such file or directory: '../dataset/o_shank.csv'
[195/240] o_shank | rbf-s1 | riemann_advanced_data_map | Y+YY | full | r=1,[Errno 2] No such file or directory: '../dataset/o_shank.csv'
[196/240] o_shank | rbf-s1 | riemann_advanced_data_map | Y+YY | full | r=2,[Errno 2] No such file or directory: '../dataset/o_shank.csv'
[197/240] o_shank | rbf-s1 | zeta_data_map | Y+YY | linear | r=1,[Errno 2] No such file or directory: '../dataset/o_shank.csv'
[198/240] o_shank | rbf-s1 | zeta_data_map | Y+YY | linear | r=2,[Errno 2] No such file or directory: '../dataset/o_shank.csv'
[199/240] o_shank | rbf-s1 | zeta_data_map | Y+YY | full | r=1,[Errno 2] No such file or directory: '../dataset/o_shank.csv'
[200/240] o_shank | rbf-s1 | zeta_data_map | Y+YY | full | r=2,[Errno 2] No such file or directory: '../dataset/o_shank.csv'
[201/240] o_shank | rbf-s1 | riemann_data_map | X+XX | linear | r=1,[Errno 2] No such file or directory: '../dataset/o_shank.csv'
[202/240] o_shank | rbf-s1 | riemann_data_map | X+XX | linear | r=2,[Errno 2] No such file or directory: '../dataset/o_shank.csv'
[203/240] o_shank | rbf-s1 | riemann_data_map | X+XX | full | r=1,[Errno 2] No such file or directory: '../dataset/o_shank.csv'
[204/240] o_shank | rbf-s1 | riemann_data_map | X+XX | full | r=2,[Errno 2] No such file or directory: '../dataset/o_shank.csv'
[205/240] o_shank | rbf-s1 | riemann_spectral_data_map | X+XX | linear | r=1,[Errno 2] No such file or directory: '../dataset/o_shank.csv'
[206/240] o_shank | rbf-s1 | riemann_spectral_data_map | X+XX | linear | r=2,[Errno 2] No such file or directory: '../dataset/o_shank.csv'
[207/240] o_shank | rbf-s1 | riemann_spectral_data_map | X+XX | full | r=1,[Errno 2] No such file or directory: '../dataset/o_shank.csv'
[208/240] o_shank | rbf-s1 | riemann_spectral_data_map | X+XX | full | r=2,[Errno 2] No such file or directory: '../dataset/o_shank.csv'
[209/240] o_shank | rbf-s1 | riemann_quantum_interference_map | X+XX | linear | r=1,[Errno 2] No such file or directory: '../dataset/o_shank.csv'
[210/240] o_shank | rbf-s1 | riemann_quantum_interference_map | X+XX | linear | r=2,[Errno 2] No such file or directory: '../dataset/o_shank.csv'
[211/240] o_shank | rbf-s1 | riemann_quantum_interference_map | X+XX | full | r=1,[Errno 2] No such file or directory: '../dataset/o_shank.csv'
[212/240] o_shank | rbf-s1 | riemann_quantum_interference_map | X+XX | full | r=2,[Errno 2] No such file or directory: '../dataset/o_shank.csv'
[213/240] o_shank | rbf-s1 | riemann_advanced_data_map | X+XX | linear | r=1,[Errno 2] No such file or directory: '../dataset/o_shank.csv'
[214/240] o_shank | rbf-s1 | riemann_advanced_data_map | X+XX | linear | r=2,[Errno 2] No such file or directory: '../dataset/o_shank.csv'
[215/240] o_shank | rbf-s1 | riemann_advanced_data_map | X+XX | full | r=1,[Errno 2] No such file or directory: '../dataset/o_shank.csv'
[216/240] o_shank | rbf-s1 | riemann_advanced_data_map | X+XX | full | r=2,[Errno 2] No such file or directory: '../dataset/o_shank.csv'
[217/240] o_shank | rbf-s1 | zeta_data_map | X+XX | linear | r=1,[Errno 2] No such file or directory: '../dataset/o_shank.csv'
[218/240] o_shank | rbf-s1 | zeta_data_map | X+XX | linear | r=2,[Errno 2] No such file or directory: '../dataset/o_shank.csv'
[219/240] o_shank | rbf-s1 | zeta_data_map | X+XX | full | r=1,[Errno 2] No such file or directory: '../dataset/o_shank.csv'
[220/240] o_shank | rbf-s1 | zeta_data_map | X+XX | full | r=2,[Errno 2] No such file or directory: '../dataset/o_shank.csv'
[221/240] o_shank | rbf-s1 | riemann_data_map | all_pairs | linear | r=1,[Errno 2] No such file or directory: '../dataset/o_shank.csv'
[222/240] o_shank | rbf-s1 | riemann_data_map | all_pairs | linear | r=2,[Errno 2] No such file or directory: '../dataset/o_shank.csv'
[223/240] o_shank | rbf-s1 | riemann_data_map | all_pairs | full | r=1,[Errno 2] No such file or directory: '../dataset/o_shank.csv'
[224/240] o_shank | rbf-s1 | riemann_data_map | all_pairs | full | r=2,[Errno 2] No such file or directory: '../dataset/o_shank.csv'
[225/240] o_shank | rbf-s1 | riemann_spectral_data_map | all_pairs | linear | r=1,[Errno 2] No such file or directory: '../dataset/o_shank.csv'
[226/240] o_shank | rbf-s1 | riemann_spectral_data_map | all_pairs | linear | r=2,[Errno 2] No such file or directory: '../dataset/o_shank.csv'
[227/240] o_shank | rbf-s1 | riemann_spectral_data_map | all_pairs | full | r=1,[Errno 2] No such file or directory: '../dataset/o_shank.csv'
[228/240] o_shank | rbf-s1 | riemann_spectral_data_map | all_pairs | full | r=2,[Errno 2] No such file or directory: '../dataset/o_shank.csv'
[229/240] o_shank | rbf-s1 | riemann_quantum_interference_map | all_pairs | linear | r=1,[Errno 2] No such file or directory: '../dataset/o_shank.csv'
[230/240] o_shank | rbf-s1 | riemann_quantum_interference_map | all_pairs | linear | r=2,[Errno 2] No such file or directory: '../dataset/o_shank.csv'
[231/240] o_shank | rbf-s1 | riemann_quantum_interference_map | all_pairs | full | r=1,[Errno 2] No such file or directory: '../dataset/o_shank.csv'
[232/240] o_shank | rbf-s1 | riemann_quantum_interference_map | all_pairs | full | r=2,[Errno 2] No such file or directory: '../dataset/o_shank.csv'
[233/240] o_shank | rbf-s1 | riemann_advanced_data_map | all_pairs | linear | r=1,[Errno 2] No such file or directory: '../dataset/o_shank.csv'
[234/240] o_shank | rbf-s1 | riemann_advanced_data_map | all_pairs | linear | r=2,[Errno 2] No such file or directory: '../dataset/o_shank.csv'
[235/240] o_shank | rbf-s1 | riemann_advanced_data_map | all_pairs | full | r=1,[Errno 2] No such file or directory: '../dataset/o_shank.csv'
[236/240] o_shank | rbf-s1 | riemann_advanced_data_map | all_pairs | full | r=2,[Errno 2] No such file or directory: '../dataset/o_shank.csv'
[237/240] o_shank | rbf-s1 | zeta_data_map | all_pairs | linear | r=1,[Errno 2] No such file or directory: '../dataset/o_shank.csv'
[238/240] o_shank | rbf-s1 | zeta_data_map | all_pairs | linear | r=2,[Errno 2] No such file or directory: '../dataset/o_shank.csv'
[239/240] o_shank | rbf-s1 | zeta_data_map | all_pairs | full | r=1,[Errno 2] No such file or directory: '../dataset/o_shank.csv'
[240/240] o_shank | rbf-s1 | zeta_data_map | all_pairs | full | r=2,[Errno 2] No such file or directory: '../dataset/o_shank.csv'
