feature,corr,mutual_info,rf_importance,nn_weight,final_score
z_co_gram_lag_2,0.015175281216842751,1.0,1.0,1.0,1.0
d_lag_1,0.18359084299153922,0.07894302503997072,0.397279266394784,0.9016406512916978,0.6960740177075999
z_gram_lag_1,0.004842245998672645,0.5677962918257531,0.8461506953817124,0.6845227727951041,0.6915288185253398
z_gram,0.012653026642193883,0.42501058168559275,0.41729190737337774,0.7830219605577559,0.6480252075177815
z_co_gram_lag_1,0.019686449236758444,0.2228150851006605,0.010425559318426324,0.8076982327105462,0.5513738154057632
d_lag_2,0.048400334206166934,0.01953749706978596,0.0006600155858455325,0.8472581268915929,0.5433620285851347
d_lag_4,0.18476914310629095,0.0457520606026505,0.0002813432997681658,0.6689131868648913,0.47110699551379737
z_gram_lag_2,0.01700828129660875,0.1720433762573228,0.007997201664904693,0.6556216195256983,0.4460808403387348
z_gram_lag_5,0.00462717418869375,0.021454022615580833,0.0018274678182152988,0.6940030166369073,0.4376137305452334
d_lag_3,0.1511060683725193,0.026678876806536595,0.00022295017008365874,0.6330477328914984,0.43681823282748233
z_gram_lag_4,0.022575809205572003,0.03100727105529525,0.010497841424770307,0.6799265814105204,0.43672342407938375
z_gram_lag_6,0.018819203540006584,0.016730633708802203,0.0004793288338347223,0.6849383693322549,0.43437022710726125
z_gram_lag_9,0.015186473828569984,0.026697556107837906,0.0005484979241446437,0.6821694581684022,0.43361610336620715
gram_lag_8,0.146334102703388,0.027416073187175604,0.0040835477729850205,0.6205085902029266,0.42868123391345125
d_lag_19,0.18569154327009865,0.06024179626336527,0.00041902778469832903,0.5940115913166117,0.4274324330562121
co_gram_lag_6,0.14633348553403563,0.027417313808043485,0.004196968681780206,0.6118997044165235,0.4233422800729066
gram_lag_4,0.14633339741418738,0.027418210179927037,0.00379312899034437,0.6083342781829542,0.4210470225690691
gram,0.14633269287933173,0.027415889176057157,0.00421845468609547,0.5942387094965225,0.4123494265026178
gram_lag_7,0.14633392631023828,0.027416498824032798,0.004284580746669156,0.5936263122775958,0.4119808976760133
co_gram_lag_9,0.14633401450090358,0.02741573410943428,0.003979545054064535,0.5908892310881073,0.41021958849443385
gram_lag_3,0.14633322120984624,0.027417305962401495,0.004229343279786214,0.5845605007908191,0.4063258378160019
gram_lag_10,0.14633445563160993,0.02741481970785377,0.0049322204694035796,0.5828955432760812,0.40542030669740103
co_gram_lag_3,0.14633295699165308,0.02741581575726523,0.003918207823697971,0.582178227738443,0.4047840829332174
co_gram_lag_10,0.1463341909176962,0.02741578481466348,0.004047981667341577,0.5815723965431876,0.40443141168298874
z_gram_lag_7,0.012649366107619889,0.016616881307651443,0.0005579698178272929,0.6332342228687723,0.40063408169223214
z_gram_lag_3,0.0019700640361967913,0.07220046794359801,0.012729233790520956,0.6148361663779613,0.3991750406960954
d_lag_5,0.17191080237335224,0.04913817051168114,0.00018324115298794323,0.5571880507513366,0.398954435561959
gram_lag_9,0.1463342791438328,0.027415111926277307,0.004037640606700585,0.5687241777405126,0.3964295893484519
gram_lag_2,0.14633304505261444,0.027416506633856558,0.004096537963741731,0.5665932220662254,0.3951137304236405
co_gram_lag_2,0.14633278090501634,0.0274157275959315,0.0045130277911992174,0.5635733145987836,0.39331100720059364
co_gram_lag_7,0.1463336618091105,0.027417062266539862,0.004194514358129959,0.562804128837634,0.3927730561973759
gram_lag_5,0.1463335736656751,0.027417526617906193,0.0043418267493112,0.5590437633526198,0.39045929187866246
z_term_2,0.025036064398318878,0.015739147342141588,0.0005782153245740571,0.610792624165592,0.38958589283262146
gram_lag_1,0.14633286894245526,0.02741640550080097,0.0039022503088563224,0.5556595655817719,0.3882696683372848
d_lag_20,0.18267704400360937,0.07269558790961006,0.0004711876584744767,0.526549387689921,0.3870131404160122
d_lag_6,0.1275182357754792,0.030036294938589895,0.00015167882791240588,0.5603999613848456,0.38632413554119466
z_co_gram,0.009879626085428044,0.12484854884719637,0.000700654815521006,0.5764817462170138,0.38485141647581994
z_co_gram_lag_3,0.014225938125097117,0.19781632168808436,0.10374881784327772,0.5216092702524833,0.3846464625416733
d_lag_22,0.0893908963410429,0.0344299718724127,0.00036215017412643164,0.5693777678267384,0.3832782630043498
co_gram_lag_1,0.14633260486539695,0.027417116710732246,0.004102973602279549,0.5404739770986139,0.3788521070207642
co_gram_lag_4,0.1463331331253439,0.027417166543055378,0.004243136449542781,0.5400351348320748,0.37860518930801856
co_gram,0.14633242887275785,0.02741832992361528,0.004132291427960907,0.5374309644073265,0.376963071322269
d_lag_21,0.062214217159847277,0.04377796825092769,0.0004213790069287646,0.5638175463346481,0.3748049557088778
gram_lag_6,0.1463337499643464,0.027417423158311416,0.0041715225007010834,0.5166229183043377,0.36401468244905644
d_lag_13,0.13249334743574231,0.016097407294492206,0.00022496500561248645,0.5136543962653201,0.3558676812961166
z_co_gram_lag_11,0.01906283247963992,0.0269877591818995,0.0001524501862289814,0.5477038657464032,0.3508383956390638
d_lag_14,0.13439785112267624,0.026773382030291556,0.0003132710326774844,0.500027901971942,0.34986831145862785
d_lag_11,0.13478860939813206,0.022223546246715516,0.00022398888851628864,0.5002321037837503,0.34922622849580265
z_gram_lag_10,0.006090697488497301,0.02169699360404261,0.0008413435836149609,0.5497857903829309,0.34804431399892766
z_co_gram_lag_4,0.007113190881936457,0.12099415540139487,0.0015440441655416408,0.505315136761038,0.339288969234457
z_gram_lag_8,0.007770222525922856,0.012871984659229006,0.0007672740225211086,0.5342264528792149,0.3371125054159677
d_lag_10,0.11591081356598153,0.017078482775302443,0.00018588142383283847,0.4857801660541981,0.3345581220662734
d_lag_12,0.13432258182254178,0.023483414442526714,0.00020928644068372388,0.47598188960706145,0.33424364753906366
co_gram_lag_8,0.14633383813138745,0.02741688708245387,0.004128781517702537,0.46410439514775176,0.3313066016504605
d_lag_18,0.11543429723815551,0.02865234048067814,0.0004099486618480696,0.4761712141495121,0.33066029662009394
z_term_3,0.007103669019530496,0.014670178803306462,0.00024390847166247534,0.5173376646244767,0.32666902542781245
d_lag_23,0.17604107238725858,0.03671547624994602,0.00030249636755689,0.44288347185106963,0.32651457026322966
co_gram_lag_5,0.14633330930612581,0.02741826568800555,0.0037158614356295402,0.4499958267829257,0.32244506925082517
z_co_gram_lag_5,0.019983061039930545,0.0524847665933083,0.0003871220078250356,0.49383857959661837,0.3223354737554807
d_lag_15,0.10921476009099416,0.019714668741770597,0.00032480639745376713,0.46475552972731554,0.32031806849884886
d_lag_16,0.046138226620916586,0.006794306108445365,0.00033507025290141447,0.48939491444097627,0.3175384524204316
z_integer_lag_3,0.004536010540626219,0.004989694516003916,0.0001977175539969864,0.5048589142585115,0.3164429361734724
z_integer_lag_9,0.008928682307747385,0.0,0.00019511005258983965,0.5044698206325758,0.31636217038167913
d_lag_7,0.07182636707844924,0.028080425569064614,0.00015863407518517577,0.4566881307372538,0.3075148411156222
z_co_gram_lag_9,0.007303466333396175,0.02881746478140491,0.0001549255111063678,0.4771798787697515,0.30434099893313327
z_co_gram_lag_6,0.008292273235580074,0.024693810905100637,0.00025618054682734567,0.4732240896692163,0.30137289314822724
z_integer_lag_4,0.0042881066978237405,0.004575972029423032,0.00020152062487846585,0.4646529056529541,0.29127084334074305
d_lag_8,0.009186852994290359,0.029256684402130213,0.00016974292282445936,0.45168498069665136,0.28902078837214346
z_co_gram_lag_8,0.005628738191612974,0.017930855100408375,0.00015530186944482906,0.4559154311446748,0.28865039571309764
z_co_gram_lag_13,0.012555115453618737,0.014546595258558658,0.00016241044744533131,0.45291680146340807,0.28787756260577
z_integer_lag_5,0.001972912083215564,0.002161765058040939,0.00019910374866673614,0.4576487078802404,0.2858817493618795
d_lag_17,0.03193720266742008,0.015751537890343992,0.0004417816766892589,0.4414818531161801,0.2858621964780815
z_co_gram_lag_12,0.008322218210680622,0.01619092609895157,0.00015016900544722654,0.4409759982411184,0.2796934022769319
z_integer_lag_8,0.001572847530494133,0.001030624416762171,0.00019213455343723343,0.44408037786697047,0.2771213666887182
z_integer_lag_1,0.004877866745108996,0.007212349037953543,0.00019361985646233892,0.4353535163160438,0.2736657947029954
z_co_gram_lag_10,0.0011459416398533597,0.028754063969378355,0.0001612139279827511,0.4274008016827177,0.2718024314841188
z_term_4,0.012043400582238285,0.01049103286382243,0.0001706888960724128,0.4174292111565125,0.26489820376436995
z_co_gram_lag_7,0.009739954191672874,0.01883880380937268,0.00015897034472210061,0.4150554294964196,0.264403614834607
z_integer_lag_10,0.0056764330098177055,0.005222531405504317,0.0001927833021881517,0.42008381715114235,0.26398535248932253
d_lag_9,0.06270666316239232,0.021101894482317755,0.0001636931210583844,0.3915517354413632,0.26338456440881325
d_lag_25,0.17894782717092791,0.034223683244546256,0.0002820352097430877,0.33351904410784733,0.25867481580193846
z_term_5,0.006570091095749532,0.005139722874053917,0.0001835289500268728,0.4083766232429505,0.2569013843297466
z_integer,0.0028952978400101316,0.0,0.00020018790963049978,0.4111272227770398,0.25674184151741886
z_integer_lag_6,0.0012124278486689392,0.0066980453909636604,0.0002018240873419928,0.4053213487665531,0.25395919989942567
z_co_gram_lag_14,0.008858691133413784,0.0077488496744357056,0.00016928904259769367,0.39422933153467904,0.24914743540279846
d_lag_24,0.19900578319735948,0.03725015860081626,0.00027146464487576093,0.3046075221226365,0.24623229042160116
z_co_gram_lag_15,0.009295360399847482,0.010434941594125963,0.00018557197809038485,0.38791630108384284,0.24583023882072716
z_integer_lag_7,0.0023325361347242336,0.003890001545828128,0.00019972523514467773,0.3891940477048612,0.2436717906337819
z_integer_lag_2,0.0005006271048602848,0.0,0.0001927486075106178,0.3843262337697588,0.23945673741384188
z_term_7,0.00529472148204228,0.0,0.00018802056273765482,0.37158320908654535,0.23271555889268192
z_term_6,0.013263063275674723,0.002398084069552413,0.0003292501420682187,0.36700431378440435,0.23232344370099328
z_term_10,0.009548210579327459,0.002397648171661686,0.00020653156312781655,0.3403687868665475,0.21479094986991987
z_term_8,0.010457378232374385,0.005141806653144374,0.00017246289907458365,0.29119525113241207,0.18490630077862175
z_term_9,0.0040982086823668565,0.008921060507133437,0.0001629304727211155,0.27325132816778624,0.17285410317787847
